<?xml version="1.0" ?>
<ram-component manifest-version="2.0.02" name="TogafArchitect" version="0" release="0" clevel="0" modelioVersion="3.8.00" provider="">
  <description><![CDATA[]]></description>
  <dependencies></dependencies>
  <contributors></contributors>
  <metamodels>
    <metamodel name="Infrastructure" version="2.1.02"/>
  </metamodels>
  <roots>
    <root metaclass="Infrastructure.ModuleComponent" name="TogafArchitect" uuid="a79b1502-ac66-11df-8037-0014224f9977"/>
  </roots>
</ram-component>